;FeatureSelector;RFC;ETC;SVC;DTC;SCM_DL
0;SelKBest_chi2;0.564935064935065;0.551948051948052;0.5974025974025974;0.551948051948052;0.5779221057891846
1;SelKBest_ANOVA;0.7597402597402597;0.7532467532467533;0.7662337662337663;0.7532467532467533;0.7727272510528564
2;SelKBest_MI;0.7597402597402597;0.7532467532467533;0.7662337662337663;0.7532467532467533;0.7727272510528564
3;LassoKBest;0.7337662337662337;0.6818181818181818;0.7532467532467533;0.6233766233766234;0.5844155550003052
4;BorutaKBest_RF;0.5909090909090909;0.551948051948052;0.5974025974025974;0.538961038961039;0.6233766078948975
5;RFE_RFC;0.935064935064935;0.8831168831168831;0.935064935064935;0.922077922077922;0.9220778942108154
6;RFE_ETC;0.935064935064935;0.8831168831168831;0.935064935064935;0.922077922077922;0.9285714030265808
7;RFE_SVC;0.935064935064935;0.8831168831168831;0.935064935064935;0.922077922077922;0.9285714030265808
8;RFE_DTC;0.961038961038961;0.948051948051948;0.935064935064935;0.9415584415584416;0.9415584206581116
