;FeatureSelector;RFC;ETC;SVC;DTC;SCM_DL
0;SelKBest_chi2;0.577922077922078;0.5454545454545454;0.5974025974025974;0.551948051948052;0.5909090638160706
1;SelKBest_ANOVA;0.7727272727272727;0.7597402597402597;0.7662337662337663;0.7467532467532467;0.7727272510528564
2;SelKBest_MI;0.7727272727272727;0.7597402597402597;0.7662337662337663;0.7467532467532467;0.7792207598686218
3;LassoKBest;0.7142857142857143;0.6623376623376623;0.7532467532467533;0.6233766233766234;0.5584415793418884
4;BorutaKBest_RF;0.5909090909090909;0.551948051948052;0.5974025974025974;0.5454545454545454;0.6363636255264282
5;RFE_RFC;0.935064935064935;0.8896103896103896;0.935064935064935;0.922077922077922;0.9350649118423462
6;RFE_ETC;0.935064935064935;0.8896103896103896;0.935064935064935;0.922077922077922;0.9285714030265808
7;RFE_SVC;0.935064935064935;0.8831168831168831;0.935064935064935;0.922077922077922;0.9285714030265808
8;RFE_DTC;0.961038961038961;0.9415584415584416;0.935064935064935;0.9415584415584416;0.9740259647369385
